item,rt,subject,trial
1,703.972376324236,S001,1
7,681.343801505864,S001,2
4,713.223451524973,S001,3
2,682.81379584223,S001,4
4,683.840503245592,S001,5
6,701.161011885852,S001,6
5,714.197002723813,S001,7
9,706.468183565885,S001,8
9,684.264316018671,S001,9
8,725.62616918236,S001,10
6,649.254042636603,S001,11
7,691.601162776351,S001,12
4,688.362065311521,S001,13
3,711.105221826583,S001,14
5,656.627726685256,S001,15
7,678.937527816743,S001,16
7,691.982368417084,S001,17
1,676.452436521649,S001,18
2,691.475610714406,S001,19
4,698.300658538938,S001,20
6,702.568286228925,S001,21
5,723.338160496205,S001,22
3,688.573193326592,S001,23
5,716.787827014923,S001,24
1,690.548791401088,S001,25
4,703.320260141045,S001,26
9,719.453587569296,S001,27
3,654.881836846471,S001,28
1,712.006084788591,S001,29
8,685.534948129207,S001,30
10,691.621458642185,S001,31
10,669.292154107243,S001,32
2,722.787980195135,S001,33
8,648.877989463508,S001,34
9,693.218855820596,S001,35
1,725.577286407351,S001,36
1,714.884370751679,S001,37
8,704.497480187565,S001,38
3,699.919679127634,S001,39
8,665.847786013037,S001,40
2,691.221059653908,S001,41
6,711.720753237605,S001,42
2,677.718122135848,S001,43
6,658.54791296646,S001,44
2,688.684721961617,S001,45
8,700.756308492273,S001,46
3,652.186885084957,S001,47
5,666.573238354176,S001,48
10,724.96935095638,S001,49
8,654.966424740851,S001,50
9,668.256391044706,S001,51
5,724.43379253149,S001,52
1,667.459416296333,S001,53
4,690.50166586414,S001,54
6,708.513291534036,S001,55
10,721.550946421921,S001,56
7,683.942905869335,S001,57
3,693.427494466305,S001,58
3,667.003818731755,S001,59
2,663.943340554833,S001,60
10,690.203450303525,S001,61
5,694.698240365833,S001,62
3,656.839461997151,S001,63
4,656.243591625243,S001,64
10,669.558671303093,S001,65
9,710.584691651165,S001,66
1,714.041062165052,S001,67
10,696.257274169475,S001,68
4,685.880765262991,S001,69
6,725.213005207479,S001,70
6,711.67693676427,S001,71
3,667.874616589397,S001,72
7,662.95424181968,S001,73
5,711.761534456164,S001,74
9,656.312427707016,S001,75
2,699.240182191133,S001,76
7,692.034139931202,S001,77
6,666.039689257741,S001,78
6,713.477915599942,S001,79
4,689.684291388839,S001,80
10,718.279606103897,S001,81
8,681.058171577752,S001,82
9,682.120012771338,S001,83
7,724.054297227412,S001,84
10,711.375331673771,S001,85
1,648.023314103484,S001,86
9,661.331159826368,S001,87
5,671.598312277347,S001,88
2,650.416421312839,S001,89
5,674.57972234115,S001,90
4,692.175300959498,S001,91
7,723.058518972248,S001,92
3,648.632023818791,S001,93
9,696.63739701733,S001,94
7,665.719639901072,S001,95
1,652.562827337533,S001,96
8,717.171187475324,S001,97
10,673.372974544764,S001,98
8,674.799636341631,S001,99
2,693.17672457546,S001,100
8,706.370524982922,S002,1
6,679.915126352571,S002,2
5,697.150217308663,S002,3
1,657.547790608369,S002,4
5,659.443479343317,S002,5
1,723.17929265555,S002,6
5,698.670213981532,S002,7
3,671.125160357915,S002,8
9,733.847057274543,S002,9
6,695.236465553753,S002,10
9,691.117585650645,S002,11
7,672.703125639819,S002,12
7,711.881671338342,S002,13
7,688.943314417265,S002,14
1,661.84569306206,S002,15
1,708.198866522871,S002,16
8,658.774220342748,S002,17
8,727.98100292217,S002,18
8,711.657213917933,S002,19
2,721.015691827051,S002,20
9,717.885722494684,S002,21
1,660.072120870464,S002,22
4,681.562977223657,S002,23
10,668.394081308506,S002,24
4,689.954357906245,S002,25
10,656.862161974423,S002,26
5,723.006691108458,S002,27
7,667.363398778252,S002,28
2,663.966853315942,S002,29
10,720.272098961286,S002,30
8,711.087920530699,S002,31
10,728.29699640628,S002,32
6,688.983619748615,S002,33
9,724.72434503492,S002,34
1,734.551579444669,S002,35
1,687.526995721273,S002,36
9,676.558855767362,S002,37
10,714.880086048506,S002,38
3,678.05212946143,S002,39
6,734.879523529671,S002,40
4,710.850577405654,S002,41
5,668.989236759953,S002,42
4,709.63053537067,S002,43
1,699.221325456165,S002,44
2,702.178562036715,S002,45
3,670.999499722384,S002,46
3,709.327744948678,S002,47
7,689.541436485015,S002,48
2,697.81859473791,S002,49
5,675.845276820473,S002,50
10,665.442480626516,S002,51
2,684.032624713145,S002,52
4,728.641656725667,S002,53
9,733.677919800393,S002,54
2,667.61026778724,S002,55
5,664.866181979887,S002,56
4,673.007110129111,S002,57
5,702.450736626051,S002,58
8,734.229682548903,S002,59
3,725.568600106053,S002,60
6,733.908686819486,S002,61
6,660.939693260007,S002,62
10,711.48494433146,S002,63
3,683.34986239206,S002,64
3,699.516021306626,S002,65
2,727.626140019856,S002,66
7,725.368348448537,S002,67
10,708.721628556959,S002,68
8,734.46136567276,S002,69
9,687.079201634042,S002,70
3,682.210461678915,S002,71
7,726.785511351191,S002,72
4,677.942607454024,S002,73
2,690.272631063126,S002,74
6,676.361941597424,S002,75
6,725.308057176881,S002,76
8,697.335054534487,S002,77
4,657.751062712632,S002,78
1,674.732139757834,S002,79
8,665.827970481478,S002,80
5,678.613878092729,S002,81
9,722.751217870973,S002,82
10,717.20903206151,S002,83
2,713.091030097567,S002,84
5,657.733893445693,S002,85
9,708.907507038675,S002,86
3,672.016988168471,S002,87
7,718.616858809255,S002,88
7,671.102510276251,S002,89
4,714.098372380249,S002,90
4,721.22420612257,S002,91
9,726.035354058258,S002,92
8,707.214481416158,S002,93
10,699.129617991857,S002,94
2,732.079427405261,S002,95
6,680.375235411339,S002,96
3,702.176735731773,S002,97
6,707.009512032382,S002,98
7,702.544261547737,S002,99
1,672.551956265233,S002,100
9,703.009270783514,S003,1
1,716.985426656902,S003,2
4,694.319080691785,S003,3
5,715.299958791584,S003,4
1,658.086802195758,S003,5
3,661.740361955017,S003,6
10,728.689760286361,S003,7
9,725.417896062136,S003,8
5,709.2348469235,S003,9
5,667.958457991481,S003,10
4,656.671765539795,S003,11
2,668.857770115137,S003,12
8,700.770877469331,S003,13
2,690.829163528979,S003,14
5,732.211790271103,S003,15
9,667.190599367023,S003,16
3,669.310721028596,S003,17
4,711.545571703464,S003,18
7,666.468016188592,S003,19
9,731.826022900641,S003,20
3,668.675227630883,S003,21
8,664.14946924895,S003,22
4,712.772796414793,S003,23
4,661.121917553246,S003,24
10,708.760968744755,S003,25
10,681.585836689919,S003,26
2,653.900347743183,S003,27
7,708.977452293038,S003,28
10,664.605588205159,S003,29
8,721.025406196713,S003,30
8,716.260596401989,S003,31
7,722.521080113947,S003,32
4,722.007844746113,S003,33
3,716.149293892086,S003,34
5,677.027257084846,S003,35
1,727.009487487376,S003,36
1,710.07570495829,S003,37
8,716.941981408745,S003,38
6,732.692865785211,S003,39
1,670.156196579337,S003,40
10,690.909969471395,S003,41
5,653.620050642639,S003,42
7,681.63048280403,S003,43
8,654.85015803948,S003,44
2,727.798733655363,S003,45
1,732.25350305438,S003,46
1,711.031814459711,S003,47
6,675.884010549635,S003,48
9,716.768374890089,S003,49
7,711.06201345101,S003,50
1,730.293357223272,S003,51
1,720.555408913642,S003,52
9,717.783531714231,S003,53
3,662.831014171243,S003,54
3,701.324729789048,S003,55
2,699.260253105313,S003,56
7,729.011503979564,S003,57
2,666.09362334013,S003,58
9,668.236204851419,S003,59
2,702.578009236604,S003,60
6,691.776418033987,S003,61
2,688.076598104089,S003,62
4,722.74088146165,S003,63
6,722.171821501106,S003,64
3,714.40754333511,S003,65
3,705.931548383087,S003,66
8,707.735828887671,S003,67
1,667.297568954527,S003,68
9,688.965475708246,S003,69
6,720.209519229829,S003,70
4,714.063382931054,S003,71
2,692.891604080796,S003,72
8,695.728175248951,S003,73
10,676.353955827653,S003,74
6,687.756346091628,S003,75
4,688.136753998697,S003,76
5,718.3253217116,S003,77
7,701.676602587104,S003,78
2,682.560951020569,S003,79
6,693.264541998506,S003,80
7,685.993419587612,S003,81
6,688.982419203967,S003,82
6,663.519141059369,S003,83
6,701.458710785955,S003,84
3,681.090395636857,S003,85
10,724.021017607301,S003,86
10,694.138279221952,S003,87
5,681.563948486,S003,88
9,726.86085222289,S003,89
9,707.327670529485,S003,90
8,676.992433685809,S003,91
5,660.334552973509,S003,92
4,658.739248327911,S003,93
7,697.070292457938,S003,94
10,720.503165237606,S003,95
5,681.703512165695,S003,96
3,697.807922456414,S003,97
8,704.016672372818,S003,98
10,733.142760358751,S003,99
7,681.426748465747,S003,100
8,695.083438553847,S004,1
5,722.711398829706,S004,2
9,662.759553533979,S004,3
8,726.753294100054,S004,4
5,678.068565730937,S004,5
6,687.082283594646,S004,6
9,732.531580668874,S004,7
6,711.461758282967,S004,8
6,659.658060842194,S004,9
9,690.819333591498,S004,10
6,666.517469496466,S004,11
7,710.7800112525,S004,12
7,686.901256856509,S004,13
7,672.025033631362,S004,14
9,731.149721727706,S004,15
5,680.901888073422,S004,16
2,684.910923824646,S004,17
4,655.141574782319,S004,18
10,716.263863951899,S004,19
10,702.876695753075,S004,20
7,706.550601930358,S004,21
3,692.847034749575,S004,22
3,730.365888574161,S004,23
7,655.989576135762,S004,24
2,673.010097933002,S004,25
2,701.819862169214,S004,26
2,687.293741093017,S004,27
6,727.359955799766,S004,28
1,656.308948439546,S004,29
9,718.759342194535,S004,30
7,672.040626876988,S004,31
1,696.927477349527,S004,32
3,681.130010117777,S004,33
7,688.346839253791,S004,34
2,719.953112234361,S004,35
8,666.558589288034,S004,36
4,717.679585483856,S004,37
9,661.177410916425,S004,38
4,704.07718563918,S004,39
6,708.607458905317,S004,40
10,719.581851721741,S004,41
1,664.795444668271,S004,42
1,659.774022200145,S004,43
5,693.156284843571,S004,44
9,731.862654783763,S004,45
7,717.872802005149,S004,46
8,698.226833161898,S004,47
7,696.261635110714,S004,48
2,704.828233891167,S004,49
8,706.366097000428,S004,50
2,685.019673206843,S004,51
5,661.934177041985,S004,52
5,677.748355721124,S004,53
6,691.679140632041,S004,54
10,677.877316814847,S004,55
8,715.508055449463,S004,56
10,676.792185143568,S004,57
8,671.598240346648,S004,58
8,676.746078492142,S004,59
7,677.626197733916,S004,60
4,728.683308050968,S004,61
9,695.809374586679,S004,62
4,661.978933257051,S004,63
10,722.400786452927,S004,64
10,654.318074160255,S004,65
5,701.481716134585,S004,66
4,656.120161623694,S004,67
3,663.612183691002,S004,68
1,709.640751336701,S004,69
4,717.973490026779,S004,70
2,706.45392394159,S004,71
10,690.122540411539,S004,72
6,683.250149716623,S004,73
4,661.596834328957,S004,74
1,659.003055137582,S004,75
6,690.551751037128,S004,76
3,677.59013202507,S004,77
5,699.755615373142,S004,78
10,685.545745142736,S004,79
9,717.760812011547,S004,80
5,682.113521476276,S004,81
3,663.223134544678,S004,82
4,719.121779301204,S004,83
10,733.855904382654,S004,84
1,685.227352925576,S004,85
5,664.567296397872,S004,86
3,722.76214715559,S004,87
3,726.419171192683,S004,88
6,729.173757736571,S004,89
2,725.520056285895,S004,90
1,662.339879595675,S004,91
8,667.136593633331,S004,92
1,696.272927639075,S004,93
8,658.917747256346,S004,94
3,663.647359968163,S004,95
1,723.539854572155,S004,96
2,709.429272883572,S004,97
9,705.452111870982,S004,98
3,657.479625423439,S004,99
4,666.384644829668,S004,100
8,691.95205536671,S005,1
2,678.455602610484,S005,2
5,696.725929705426,S005,3
10,668.770251246169,S005,4
10,690.501438034698,S005,5
8,675.893173040822,S005,6
8,650.767779024318,S005,7
2,717.65787682496,S005,8
5,661.89294421114,S005,9
3,667.665950497612,S005,10
9,658.832021029666,S005,11
6,715.456896545365,S005,12
4,703.418090539053,S005,13
5,656.728530758992,S005,14
4,667.090477300808,S005,15
8,691.346302768216,S005,16
8,644.671894786879,S005,17
2,660.034419791773,S005,18
8,652.723324513063,S005,19
1,702.551299640909,S005,20
10,686.675399569795,S005,21
2,683.188175493851,S005,22
7,655.699347062036,S005,23
5,717.065021144226,S005,24
10,705.543746510521,S005,25
1,697.853841977194,S005,26
5,689.123403532431,S005,27
6,649.032868472859,S005,28
1,707.657495355234,S005,29
3,677.590285958722,S005,30
1,702.616147873923,S005,31
7,678.650527121499,S005,32
3,674.547353470698,S005,33
4,705.783379180357,S005,34
7,702.145166313276,S005,35
4,687.621238259599,S005,36
3,706.005856925622,S005,37
10,646.580057227984,S005,38
4,701.157570416108,S005,39
7,700.017197439447,S005,40
3,664.839569209144,S005,41
2,655.657786959782,S005,42
9,661.059934021905,S005,43
5,666.385994022712,S005,44
9,720.904641887173,S005,45
7,687.030960181728,S005,46
6,693.031294336542,S005,47
5,656.783676622435,S005,48
6,649.901544777676,S005,49
6,715.518033159897,S005,50
8,643.325647814199,S005,51
6,646.78219220601,S005,52
3,715.665308618918,S005,53
6,664.587531490251,S005,54
9,705.537708131596,S005,55
7,670.676714880392,S005,56
6,658.048284938559,S005,57
7,676.708858376369,S005,58
2,693.281659530476,S005,59
6,667.758573750034,S005,60
9,669.694334613159,S005,61
5,641.997666908428,S005,62
2,653.78795879893,S005,63
10,678.702275780961,S005,64
1,690.165838608518,S005,65
5,653.017038917169,S005,66
10,657.117170030251,S005,67
8,693.438146365806,S005,68
10,653.179699415341,S005,69
1,689.256157847121,S005,70
2,669.517530286685,S005,71
4,683.826893577352,S005,72
3,690.272593228146,S005,73
8,672.613504556939,S005,74
2,647.957206619903,S005,75
9,662.417697673663,S005,76
1,721.110510276631,S005,77
4,683.593534911051,S005,78
9,655.376949692145,S005,79
10,673.711871197447,S005,80
1,669.184302920476,S005,81
9,690.380806503817,S005,82
7,674.383865436539,S005,83
3,668.282931307331,S005,84
9,666.750751035288,S005,85
2,660.248314952478,S005,86
4,642.277260487899,S005,87
6,699.12336290814,S005,88
4,675.757238799706,S005,89
10,718.634517947212,S005,90
8,694.221503389999,S005,91
1,653.597731636837,S005,92
5,699.738584766164,S005,93
3,681.824751729146,S005,94
3,652.795751644298,S005,95
7,643.920117737725,S005,96
4,676.221049008891,S005,97
7,656.628215583041,S005,98
9,655.24307587184,S005,99
1,655.171651421115,S005,100
7,710.332158072852,S006,1
5,681.003442383371,S006,2
6,728.353581367992,S006,3
8,721.759084607475,S006,4
8,675.128826457076,S006,5
10,663.411326683126,S006,6
4,685.393004710786,S006,7
1,710.147857530974,S006,8
3,667.006444963627,S006,9
6,701.477982620709,S006,10
4,679.616684704088,S006,11
9,671.205351850949,S006,12
4,707.671512230299,S006,13
2,728.457862320356,S006,14
10,663.656181185506,S006,15
4,708.629091321491,S006,16
5,694.692761837505,S006,17
2,704.218721012585,S006,18
9,696.023812605999,S006,19
7,657.784084710293,S006,20
1,661.92720325198,S006,21
1,659.98459297698,S006,22
1,695.88880490046,S006,23
1,711.614500409923,S006,24
6,717.594325724058,S006,25
9,675.397213618271,S006,26
4,692.067414144985,S006,27
3,706.281239851378,S006,28
9,711.838382217102,S006,29
5,700.76382228639,S006,30
2,669.956292207353,S006,31
4,687.929304684512,S006,32
1,666.608444093727,S006,33
7,706.469297888689,S006,34
7,722.870655390434,S006,35
2,727.291401675902,S006,36
5,673.574222023599,S006,37
9,661.990733048879,S006,38
5,716.909394818358,S006,39
5,683.105809721164,S006,40
10,696.630952260457,S006,41
3,698.973628501408,S006,42
2,683.001270978712,S006,43
5,733.664769674651,S006,44
9,655.704414206557,S006,45
1,722.321218061261,S006,46
10,679.56211888697,S006,47
2,664.37750719022,S006,48
7,684.948761700653,S006,49
8,665.668247691356,S006,50
3,669.281859579496,S006,51
5,709.87927635666,S006,52
7,731.633221297525,S006,53
8,711.390562648885,S006,54
9,690.85599779617,S006,55
10,728.043280332349,S006,56
4,669.770402996801,S006,57
3,729.82593159657,S006,58
2,700.72572787758,S006,59
3,690.102316210978,S006,60
8,723.032845105045,S006,61
3,703.012113752775,S006,62
8,730.299963722937,S006,63
9,706.583947776817,S006,64
6,702.595829772763,S006,65
4,675.017804610543,S006,66
3,709.605191363953,S006,67
6,698.246011673473,S006,68
4,702.373098186217,S006,69
6,713.83371823933,S006,70
2,723.579615852796,S006,71
7,689.160013734363,S006,72
1,688.837817083113,S006,73
7,712.777113444172,S006,74
2,709.660636219196,S006,75
9,708.637634362094,S006,76
5,732.885082974099,S006,77
9,733.233874659054,S006,78
3,696.919575124048,S006,79
2,727.715961388312,S006,80
8,731.050848304294,S006,81
1,659.676329563372,S006,82
7,719.649153421633,S006,83
4,679.491337458603,S006,84
8,662.165081775747,S006,85
3,728.779098796658,S006,86
10,703.560685343109,S006,87
6,698.654946270399,S006,88
6,720.218339967541,S006,89
6,709.3020010693,S006,90
10,727.415934889577,S006,91
10,705.694355885498,S006,92
5,672.840444608591,S006,93
6,682.388459234498,S006,94
10,715.494537628256,S006,95
8,677.659484124742,S006,96
1,687.609224258922,S006,97
8,730.255757528357,S006,98
10,720.878450027667,S006,99
7,686.657556998543,S006,100
5,686.119450908154,S007,1
6,677.558839116246,S007,2
1,694.843390621245,S007,3
10,706.663127876818,S007,4
9,660.197285301983,S007,5
4,689.141511060297,S007,6
8,671.016581244767,S007,7
7,728.226116932929,S007,8
7,660.56100750342,S007,9
7,672.109411284328,S007,10
2,718.825694024563,S007,11
1,720.119397286326,S007,12
7,660.524830576032,S007,13
4,653.499075844884,S007,14
1,703.943692818284,S007,15
10,722.608575373888,S007,16
2,698.273634705693,S007,17
9,710.01669568941,S007,18
4,698.399208765477,S007,19
9,655.214269943535,S007,20
6,688.003715984523,S007,21
1,686.428017951548,S007,22
4,683.765947725624,S007,23
2,722.997692171484,S007,24
5,703.430292345583,S007,25
4,671.196568552405,S007,26
2,674.921264816076,S007,27
6,678.107027411461,S007,28
5,697.26736439392,S007,29
3,671.677818950266,S007,30
7,687.347261365503,S007,31
8,699.666353780776,S007,32
4,693.170586116612,S007,33
5,663.416247628629,S007,34
6,677.420280706137,S007,35
3,718.852572925389,S007,36
8,680.4290365614,S007,37
4,716.639769282192,S007,38
8,685.636573527008,S007,39
3,686.094804629683,S007,40
1,673.086376935244,S007,41
7,718.016961067915,S007,42
10,690.500119179487,S007,43
9,668.486005961895,S007,44
2,653.212883248925,S007,45
1,658.669683635235,S007,46
10,707.21859626472,S007,47
5,658.924753535539,S007,48
8,687.687980718911,S007,49
5,696.32775561884,S007,50
9,701.059499680996,S007,51
8,658.727340213954,S007,52
6,705.40529794991,S007,53
9,661.497626695782,S007,54
2,718.559993822128,S007,55
6,701.245021168143,S007,56
9,716.672314424068,S007,57
3,700.409903433174,S007,58
8,722.09305267781,S007,59
1,688.524880502373,S007,60
6,692.733337506652,S007,61
10,725.804295372218,S007,62
9,670.607104860246,S007,63
7,689.87017095089,S007,64
6,649.015515353531,S007,65
5,658.198127243668,S007,66
10,649.632141087204,S007,67
1,681.528061553836,S007,68
2,723.556967731565,S007,69
5,660.818466022611,S007,70
5,651.490524634719,S007,71
8,727.381683900021,S008,1
4,663.309128168039,S008,2
7,667.036740477197,S008,3
1,687.407237603329,S008,4
6,665.41773296427,S008,5
9,707.021790272556,S008,6
4,731.575540988706,S008,7
4,660.569452135824,S008,8
7,706.698580062948,S008,9
5,686.859204652719,S008,10
9,691.954909837805,S008,11
2,669.839826184325,S008,12
3,685.848147231154,S008,13
4,678.16776511725,S008,14
7,668.308348390274,S008,15
5,671.150163612328,S008,16
10,731.07954937499,S008,17
1,723.325173365884,S008,18
2,690.177005114965,S008,19
5,708.749407730065,S008,20
4,682.761062732898,S008,21
8,724.384512673132,S008,22
9,731.096017896198,S008,23
5,675.74828423094,S008,24
2,673.136459807865,S008,25
10,688.381550009362,S008,26
8,694.356522816233,S008,27
9,726.997130042873,S008,28
9,689.021103787236,S008,29
2,710.003538946621,S008,30
2,660.468625645153,S008,31
6,676.073361015879,S008,32
8,724.365453454666,S008,33
4,705.511783934198,S008,34
3,727.977031948976,S008,35
2,705.365282348357,S008,36
6,687.503432626836,S008,37
1,697.731523416005,S008,38
10,670.021124384366,S008,39
2,691.058119698428,S008,40
10,724.641973837279,S008,41
10,703.037851578556,S008,42
10,689.946631430648,S008,43
3,719.804730019532,S008,44
5,701.928577567451,S008,45
2,664.131359546445,S008,46
1,728.915571137331,S008,47
4,719.430488771759,S008,48
7,708.500268342905,S008,49
9,679.56179486122,S008,50
10,727.180690481327,S008,51
6,677.664869572036,S008,52
1,725.66207384225,S008,53
5,661.566984928213,S008,54
8,697.396240807138,S008,55
7,676.098333238624,S008,56
3,655.695023289882,S008,57
7,721.796303573065,S008,58
1,699.82612229418,S008,59
4,655.178333832882,S008,60
3,677.591968956403,S008,61
7,660.948042566888,S008,62
9,694.722487996332,S008,63
8,682.245884309523,S008,64
3,719.986260063015,S008,65
2,714.412672719918,S008,66
6,712.531462530605,S008,67
1,705.831043808721,S008,68
8,682.004170692526,S008,69
8,668.628123323433,S008,70
3,687.364957085811,S008,71
6,685.924826855771,S008,72
7,664.090480911545,S008,73
6,669.486606433056,S008,74
6,730.87333755102,S008,75
9,700.125748976134,S008,76
8,660.373315229081,S008,77
1,675.402446794324,S008,78
7,715.688537782989,S008,79
5,665.816714535467,S008,80
6,725.121309547685,S008,81
6,695.119673195295,S008,82
4,693.99657107424,S008,83
9,672.258965442888,S008,84
3,688.734144154005,S008,85
10,724.13964217063,S008,86
7,673.604930224828,S008,87
10,655.739167830907,S008,88
1,673.051613136195,S008,89
5,688.234398080967,S008,90
5,707.26874911692,S008,91
3,724.459425839595,S008,92
2,694.733161418699,S008,93
9,659.860555599444,S008,94
8,708.977170600556,S008,95
3,661.118365000002,S008,96
4,657.037939964794,S008,97
1,706.051347083412,S008,98
10,721.060186768882,S008,99
5,669.877115967683,S008,100
6,649.952256348915,S009,1
3,686.771810264327,S009,2
7,690.341958054341,S009,3
10,691.965619255789,S009,4
2,686.088112783618,S009,5
6,694.057848067023,S009,6
4,702.730339714326,S009,7
1,700.542135839351,S009,8
10,663.113736123778,S009,9
7,702.455747635104,S009,10
4,673.236084752716,S009,11
6,695.886941035278,S009,12
9,669.647747934796,S009,13
10,654.227893562056,S009,14
4,704.742231634445,S009,15
5,702.373109110631,S009,16
4,670.350601715036,S009,17
9,720.643023052253,S009,18
8,674.310395889916,S009,19
9,682.336893086322,S009,20
6,688.545387019403,S009,21
2,687.677550208755,S009,22
6,657.042396240868,S009,23
7,674.578755893745,S009,24
9,706.755691845901,S009,25
1,711.866729692556,S009,26
9,660.109269362874,S009,27
9,676.491345898248,S009,28
3,718.572560069151,S009,29
8,721.120310504921,S009,30
8,676.971266758628,S009,31
3,716.925514400937,S009,32
3,698.962784321047,S009,33
6,710.548297096975,S009,34
8,695.450738766231,S009,35
10,654.896609843709,S009,36
1,663.928526309319,S009,37
4,670.962102399208,S009,38
8,694.365831934847,S009,39
8,717.393245124258,S009,40
1,649.4451301964,S009,41
2,674.819046971388,S009,42
5,672.428107303567,S009,43
10,698.008878328837,S009,44
3,664.465297521092,S009,45
1,675.081947599538,S009,46
5,699.720738832839,S009,47
5,654.624318783171,S009,48
5,662.361947880127,S009,49
8,725.138492868282,S009,50
6,654.823556845076,S009,51
4,669.290211503394,S009,52
2,671.539769270457,S009,53
4,722.186486315913,S009,54
8,682.894484498538,S009,55
3,678.989791111089,S009,56
7,696.798002705909,S009,57
8,689.708380275406,S009,58
1,666.358696413226,S009,59
2,693.927918528207,S009,60
7,650.020493404008,S009,61
7,680.82640951965,S009,62
1,690.776507765986,S009,63
1,716.443943125196,S009,64
5,686.826897640713,S009,65
3,689.838520274498,S009,66
10,655.709421937354,S009,67
2,725.33700874541,S009,68
6,681.498957113363,S009,69
1,673.723527030088,S009,70
6,659.498001323082,S009,71
9,685.361214936711,S009,72
3,705.190548733808,S009,73
3,725.748783373274,S009,74
5,661.490896237083,S009,75
10,671.603680388071,S009,76
8,708.144210302271,S009,77
6,723.218288538046,S009,78
2,687.055213158019,S009,79
7,699.378589340486,S009,80
4,709.552087583579,S009,81
5,678.864970640279,S009,82
9,697.786916890182,S009,83
7,655.708890394308,S009,84
4,716.074152444489,S009,85
1,707.856021397747,S009,86
2,720.117378947325,S009,87
2,725.016196505167,S009,88
10,721.143115037121,S009,89
7,659.027610239573,S009,90
10,718.804058921523,S009,91
6,692.132926951163,S010,1
10,692.778157400899,S010,2
9,704.235974955373,S010,3
8,685.567238829099,S010,4
8,706.891369423829,S010,5
5,686.98919841554,S010,6
9,710.783644705079,S010,7
1,669.772187876515,S010,8
8,657.705495930277,S010,9
9,679.193092505448,S010,10
3,718.436736888252,S010,11
4,659.199142563157,S010,12
4,666.674544918351,S010,13
7,684.359558760189,S010,14
7,680.104517540894,S010,15
8,718.868944547139,S010,16
8,705.626268642955,S010,17
9,654.828603840433,S010,18
3,659.155796184205,S010,19
3,679.702978818677,S010,20
9,697.011021557264,S010,21
1,705.349016129039,S010,22
4,720.476875673048,S010,23
2,677.280903006904,S010,24
1,646.324292416684,S010,25
10,724.229787136428,S010,26
5,679.208139306866,S010,27
7,648.371692667715,S010,28
10,693.651450811885,S010,29
5,719.006865895353,S010,30
10,696.728005385958,S010,31
6,688.769793859683,S010,32
7,678.547048843466,S010,33
5,705.200815587305,S010,34
2,678.896970856003,S010,35
10,709.591010021977,S010,36
1,674.812104473822,S010,37
7,675.401096208952,S010,38
1,700.131593267433,S010,39
4,710.470327860676,S010,40
8,686.386036439799,S010,41
9,664.207330490462,S010,42
10,709.498404650949,S010,43
8,660.044394670986,S010,44
6,663.721112995408,S010,45
3,673.359232391231,S010,46
7,666.08610549476,S010,47
1,689.332911795937,S010,48
4,657.325084167533,S010,49
7,706.855771350674,S010,50
5,706.605295515619,S010,51
4,708.722551423125,S010,52
2,711.456684335135,S010,53
2,663.37405001279,S010,54
6,681.63952847477,S010,55
2,672.84242620226,S010,56
2,716.037555499934,S010,57
4,664.631699784659,S010,58
3,703.513496606611,S010,59
9,653.77010404598,S010,60
3,687.417519441806,S010,61
10,704.476700085215,S010,62
9,671.038487306796,S010,63
10,676.896170335822,S010,64
6,693.869638810866,S010,65
4,703.856376125477,S010,66
4,674.954296476208,S010,67
10,710.972934267484,S010,68
7,693.247462599538,S010,69
1,674.093307941221,S010,70
6,659.4844177505,S010,71
9,664.026746801101,S010,72
8,689.078341550194,S010,73
6,667.623657803051,S010,74
10,647.589312489145,S010,75
5,660.421173810028,S010,76
1,676.325702047907,S010,77
3,680.972460261546,S010,78
1,707.538317157887,S010,79
7,649.821369792335,S010,80
9,689.023722219281,S010,81
2,700.766916158609,S010,82
6,676.071582525037,S010,83
3,725.030287611298,S010,84
3,695.093921790831,S010,85
8,725.126740629785,S010,86
2,693.236838742159,S010,87
6,653.225485957228,S010,88
6,702.867631702684,S010,89
5,646.539951763116,S010,90
5,720.20034014713,S010,91
4,682.962576611899,S010,92
2,719.83042886015,S010,93
5,717.112808111124,S010,94
7,710.791911105625,S010,95
5,691.109520583414,S010,96
8,704.792147385888,S010,97
2,704.141371990554,S010,98
1,648.073944929056,S010,99
3,652.11334831547,S010,100
5,701.150618307292,S011,1
1,666.254106499255,S011,2
7,672.160923536867,S011,3
3,688.881949651986,S011,4
2,684.632391426712,S011,5
8,686.763072442263,S011,6
2,675.31568819657,S011,7
7,700.062124952674,S011,8
4,699.988408330828,S011,9
1,676.829100139439,S011,10
10,692.397372424603,S011,11
5,686.230993103236,S011,12
4,683.047437835485,S011,13
2,648.118530455977,S011,14
7,709.167912807316,S011,15
10,707.657190915197,S011,16
9,654.364731330425,S011,17
9,689.517363384366,S011,18
5,698.625613320619,S011,19
2,722.40743489936,S011,20
4,658.768875859678,S011,21
2,654.071578998119,S011,22
3,678.348882440478,S011,23
9,703.214784041047,S011,24
5,714.015630166978,S011,25
9,709.340418092906,S011,26
9,704.137788321823,S011,27
3,651.658576410264,S011,28
2,653.71523315087,S011,29
9,700.668128933758,S011,30
4,670.488410927355,S011,31
4,656.41752852127,S011,32
7,710.952265560627,S011,33
8,681.274220179766,S011,34
7,678.098195455968,S011,35
10,681.985673382878,S011,36
6,679.442506935447,S011,37
4,661.162780113518,S011,38
2,700.132668521255,S011,39
4,648.904914688319,S011,40
4,717.449977826327,S011,41
7,687.455582171679,S011,42
3,682.338080834597,S011,43
1,703.15914535895,S011,44
2,704.060941766948,S011,45
2,698.467830326408,S011,46
10,675.484065711498,S011,47
5,664.675615392625,S011,48
3,654.643323998898,S011,49
5,646.665391568094,S011,50
1,648.009304478765,S011,51
9,695.011535771191,S011,52
9,717.934358138591,S011,53
1,673.068578913808,S011,54
6,723.918271064758,S011,55
8,669.552749637514,S011,56
6,658.685111235827,S011,57
8,665.569835789502,S011,58
5,704.953184965998,S011,59
1,659.190084710717,S011,60
4,661.16194088012,S011,61
10,697.161768171936,S011,62
1,699.261113256216,S011,63
3,669.220384806395,S011,64
6,691.852398682386,S011,65
6,715.7188404724,S011,66
1,663.308651484549,S011,67
5,700.882719028741,S011,68
9,701.939467322081,S011,69
3,722.000368013978,S011,70
3,722.666501197964,S011,71
10,656.27178542316,S011,72
6,680.598777774721,S011,73
5,679.173000473529,S011,74
8,648.173001985997,S011,75
8,677.187309488654,S011,76
4,694.210006222129,S011,77
3,708.762122765183,S011,78
10,695.938230808824,S011,79
1,718.550916705281,S011,80
10,697.094682566822,S011,81
7,718.321922756732,S011,82
3,696.187332179397,S011,83
7,648.26864855364,S011,84
1,721.395734902471,S011,85
5,654.433311447501,S011,86
6,676.149113848805,S011,87
2,679.356706682593,S011,88
7,686.40162743628,S011,89
6,661.250365674496,S011,90
8,717.92949443683,S011,91
9,689.053966365755,S011,92
8,677.430124245584,S011,93
10,714.312142599374,S011,94
8,652.588295321912,S011,95
10,650.862795002759,S011,96
6,725.36083849147,S011,97
8,708.278529495001,S011,98
6,691.769251637161,S011,99
7,694.204338062555,S011,100
3,692.843264369294,S012,1
4,652.023940132931,S012,2
1,717.69238111563,S012,3
3,669.731971500441,S012,4
2,649.664287352934,S012,5
6,707.809938220307,S012,6
6,697.742589181289,S012,7
7,694.638938987628,S012,8
10,648.705512182787,S012,9
7,647.345777982846,S012,10
8,675.777715323493,S012,11
9,673.193553956226,S012,12
2,720.635516373441,S012,13
1,687.686423035339,S012,14
2,670.206284960732,S012,15
1,719.180473899469,S012,16
3,700.629087043926,S012,17
7,720.447166627273,S012,18
9,664.111773455516,S012,19
6,651.439262023196,S012,20
10,674.788829972968,S012,21
9,644.580112779513,S012,22
4,709.458416188136,S012,23
8,699.100126540288,S012,24
4,676.739203063771,S012,25
7,692.010487047955,S012,26
10,658.589129177853,S012,27
7,708.525785533711,S012,28
2,680.025433069095,S012,29
3,671.415216354653,S012,30
6,662.031284207478,S012,31
1,656.107602892444,S012,32
1,644.999559009448,S012,33
4,698.373988540843,S012,34
6,721.684482777491,S012,35
10,657.819473361596,S012,36
1,710.875745108351,S012,37
10,658.12597672455,S012,38
5,714.733815742657,S012,39
9,712.204985329881,S012,40
9,667.418097099289,S012,41
8,701.734742457047,S012,42
4,682.26106797345,S012,43
8,710.368472402915,S012,44
6,680.364286275581,S012,45
2,700.314339296892,S012,46
8,718.539891457185,S012,47
10,703.585479361936,S012,48
5,719.134143488482,S012,49
5,700.844243029132,S012,50
4,690.690349349752,S012,51
2,711.4804005716,S012,52
5,668.788292920217,S012,53
9,654.643947174773,S012,54
3,655.40794362314,S012,55
8,664.348363215104,S012,56
3,697.0335635636,S012,57
8,655.952667305246,S012,58
1,701.226395526901,S012,59
10,701.247657062486,S012,60
2,695.754591459408,S012,61
10,668.666992923245,S012,62
7,675.361989242956,S012,63
6,720.890437578782,S012,64
3,702.846255125478,S012,65
5,706.10653267242,S012,66
6,691.695097675547,S012,67
5,655.898445351049,S012,68
8,690.218630554155,S012,69
4,690.343466857448,S012,70
5,648.566047782078,S012,71
5,668.208835134283,S012,72
4,694.419797258452,S012,73
3,648.582075824961,S012,74
4,668.85188379325,S012,75
6,662.967328662053,S012,76
9,685.259727453813,S012,77
10,696.716698659584,S012,78
1,679.711536960676,S012,79
9,696.983634522185,S012,80
9,642.532655866817,S012,81
2,680.419045062736,S012,82
8,646.285196812823,S012,83
10,705.262607159093,S012,84
7,646.114699197933,S012,85
7,646.022569714114,S012,86
7,675.706882523373,S012,87
1,701.46700178273,S012,88
5,691.820407276973,S012,89
3,715.640413118526,S012,90
6,686.95563220419,S012,91
4,671.224811701104,S012,92
8,704.584110407159,S012,93
7,660.775167932734,S012,94
9,671.972592165694,S012,95
2,660.891011515632,S012,96
5,697.329614432529,S012,97
3,677.570360628888,S012,98
2,675.055226208642,S012,99
1,652.037756713107,S012,100
9,664.196913796477,S013,1
1,709.414961445145,S013,2
9,672.330748285167,S013,3
8,704.914926527999,S013,4
1,714.995658933185,S013,5
10,707.453470057808,S013,6
1,713.506070408039,S013,7
2,710.19722675439,S013,8
6,738.669479670934,S013,9
10,661.530708144419,S013,10
5,707.058562426828,S013,11
6,723.663800577633,S013,12
4,681.856692521833,S013,13
6,728.168411902152,S013,14
5,677.853064849041,S013,15
2,707.501047062688,S013,16
10,731.110194488429,S013,17
1,725.125051452778,S013,18
4,685.619393917732,S013,19
2,712.057872950099,S013,20
3,684.460536013357,S013,21
1,708.901548120193,S013,22
3,686.10181204509,S013,23
7,727.332494775765,S013,24
3,682.025592676364,S013,25
7,702.244327752851,S013,26
7,665.287307160906,S013,27
5,681.001834268682,S013,28
1,670.947024761699,S013,29
5,705.803852020763,S013,30
9,688.119526649825,S013,31
7,699.24090040382,S013,32
10,726.635448518209,S013,33
9,709.009023434483,S013,34
7,716.841501439922,S013,35
9,705.788724045269,S013,36
5,706.630570623092,S013,37
3,725.277560218237,S013,38
3,699.570247600786,S013,39
6,668.60700990539,S013,40
8,672.195150624029,S013,41
8,737.625773227774,S013,42
9,699.542413572781,S013,43
10,713.357750843279,S013,44
8,723.031244552694,S013,45
4,703.843040703796,S013,46
4,730.214858851396,S013,47
9,662.678044508211,S013,48
1,704.060295629315,S013,49
10,728.295217561536,S013,50
8,727.405672869645,S013,51
4,681.467389441095,S013,52
2,713.769352766685,S013,53
7,728.761083404534,S013,54
2,665.251062582247,S013,55
6,670.442156451754,S013,56
10,669.854746977799,S013,57
1,659.100170447491,S013,58
3,697.517900406383,S013,59
7,674.828657000326,S013,60
8,733.670190623961,S013,61
6,697.296974617057,S013,62
8,668.83937665727,S013,63
8,683.734879656695,S013,64
6,666.161915319972,S013,65
5,737.887679128908,S013,66
2,715.160907111131,S013,67
9,668.84002675768,S013,68
5,665.434089913033,S013,69
3,700.234365607612,S013,70
2,717.1490102401,S013,71
1,664.350186712109,S013,72
6,666.58897114452,S013,73
5,728.522632229142,S013,74
7,709.370349287055,S013,75
3,667.469042479061,S013,76
5,684.564162376337,S013,77
9,695.496283075772,S013,78
2,729.299964713864,S013,79
4,683.202000218444,S013,80
8,667.284863512032,S013,81
4,661.159038967453,S013,82
8,661.923288567923,S013,83
9,735.158610767685,S013,84
10,695.51005418878,S013,85
6,724.068135782145,S013,86
4,669.029371808283,S013,87
7,726.182385939173,S013,88
4,727.548863324337,S013,89
7,713.853732063435,S013,90
2,699.916738062166,S013,91
6,673.842331520282,S013,92
10,659.033455378376,S013,93
5,734.244366581552,S013,94
3,689.660504846834,S013,95
4,674.971799454652,S013,96
10,731.546370233409,S013,97
3,735.251971832477,S013,98
1,706.531915920787,S013,99
2,698.314083139412,S013,100
8,703.120684577152,S014,1
3,694.576997449622,S014,2
5,716.984294177964,S014,3
2,649.432873735204,S014,4
5,651.527739362791,S014,5
1,663.294469835237,S014,6
2,680.827705794945,S014,7
8,661.279971925542,S014,8
2,701.115393778309,S014,9
1,697.02315219678,S014,10
3,696.142112901434,S014,11
5,683.054456477985,S014,12
1,693.910860968754,S014,13
8,720.905742542818,S014,14
7,695.487781120464,S014,15
10,709.469950040802,S014,16
10,693.281798874959,S014,17
4,696.834951872006,S014,18
10,723.51277644746,S014,19
5,705.117309587076,S014,20
2,721.396757690236,S014,21
6,651.345484415069,S014,22
6,687.272189678624,S014,23
10,698.076255144551,S014,24
8,724.478173954412,S014,25
9,680.157537860796,S014,26
4,649.023176757619,S014,27
4,724.520594337955,S014,28
10,700.707887662575,S014,29
4,660.090544214472,S014,30
10,646.227285144851,S014,31
3,671.378546329215,S014,32
6,654.157022377476,S014,33
3,654.491976713762,S014,34
7,710.557381650433,S014,35
2,651.44338532351,S014,36
2,708.155681630597,S014,37
9,675.061226049438,S014,38
4,663.226743927225,S014,39
8,667.56708345376,S014,40
5,648.714840477332,S014,41
7,651.603511003777,S014,42
4,667.040629992262,S014,43
7,672.022191276774,S014,44
5,682.223212262616,S014,45
1,650.188106792048,S014,46
3,655.56050718762,S014,47
7,674.703630628064,S014,48
8,719.646590417251,S014,49
9,719.794145384803,S014,50
4,705.589541019872,S014,51
2,662.466145949438,S014,52
9,697.524503963068,S014,53
2,720.757502252236,S014,54
8,662.383600296453,S014,55
10,724.690557299182,S014,56
7,713.458430515602,S014,57
9,724.938788311556,S014,58
4,704.139795573428,S014,59
7,717.458184259012,S014,60
6,646.209891764447,S014,61
3,648.414761601016,S014,62
1,667.071301797405,S014,63
2,713.679388063028,S014,64
1,694.407739648595,S014,65
6,671.749286195263,S014,66
10,706.689205681905,S014,67
6,681.293614888564,S014,68
4,647.655643457547,S014,69
9,695.554198818281,S014,70
8,719.199078409001,S014,71
1,694.05366952531,S014,72
1,676.719504306093,S014,73
2,718.814807171002,S014,74
6,659.56282264553,S014,75
5,682.37546552904,S014,76
8,664.227681001648,S014,77
7,665.855955416337,S014,78
3,663.209971720353,S014,79
5,694.50726439245,S014,80
9,657.718387627974,S014,81
3,648.935656221583,S014,82
6,720.919867763296,S014,83
1,701.846215380356,S014,84
5,692.662067161873,S014,85
7,667.406835788861,S014,86
7,711.314050955698,S014,87
9,702.027588067576,S014,88
9,709.383706850931,S014,89
5,717.42777296342,S014,90
9,671.685781246051,S014,91
8,676.350110126659,S014,92
6,721.64279137738,S014,93
1,666.9281788636,S014,94
3,676.47612365894,S014,95
3,698.008835325018,S014,96
4,652.039770791307,S014,97
10,689.405763698742,S014,98
6,708.640176439658,S014,99
10,679.692239528522,S014,100
6,716.201134957373,S015,1
1,694.799332618713,S015,2
7,728.964967057109,S015,3
7,684.346161987633,S015,4
2,700.439375434071,S015,5
9,701.192766483873,S015,6
10,709.894515313208,S015,7
4,706.704880148172,S015,8
10,707.153890151531,S015,9
4,673.909657821059,S015,10
4,651.674829386175,S015,11
3,715.458898246288,S015,12
1,668.182770852,S015,13
2,678.181642144918,S015,14
8,706.041975356638,S015,15
6,706.161670796573,S015,16
4,677.823563497514,S015,17
7,715.139722954482,S015,18
7,660.670701470226,S015,19
2,691.801071148366,S015,20
10,699.107303358614,S015,21
8,710.106477849185,S015,22
1,670.509738363326,S015,23
9,728.746583033353,S015,24
9,693.266895860434,S015,25
6,686.661661844701,S015,26
2,705.716850683093,S015,27
7,728.687490224838,S015,28
10,676.049552410841,S015,29
4,652.548273336142,S015,30
1,701.027097534388,S015,31
3,658.256896976382,S015,32
6,654.252290073782,S015,33
9,709.040188267827,S015,34
10,687.710402626544,S015,35
2,713.525948487222,S015,36
2,668.079455439001,S015,37
5,713.239377755672,S015,38
5,710.258535537869,S015,39
2,680.597530789673,S015,40
7,671.617908664048,S015,41
10,654.175802562386,S015,42
8,711.968443933874,S015,43
4,711.427716203034,S015,44
9,720.644711684436,S015,45
8,725.144957154989,S015,46
5,724.437973778695,S015,47
4,710.468017682433,S015,48
6,683.734604436904,S015,49
7,673.445710726082,S015,50
8,687.063525356352,S015,51
9,720.838814061135,S015,52
9,668.77325206995,S015,53
1,654.618355389684,S015,54
3,671.930487286299,S015,55
5,717.08534495905,S015,56
3,689.444338586181,S015,57
8,691.684976518154,S015,58
6,659.144775606692,S015,59
9,665.322486031801,S015,60
9,727.934626620263,S015,61
7,706.811895146966,S015,62
4,707.662511579692,S015,63
8,688.733334746212,S015,64
5,727.934975400567,S015,65
3,723.604983203113,S015,66
5,676.678028870374,S015,67
1,683.088609725237,S015,68
1,728.003989625722,S015,69
10,664.562612921,S015,70
3,681.333723552525,S015,71
7,655.676762517542,S015,72
10,654.683307241648,S015,73
4,660.153898783028,S015,74
5,694.17364154011,S015,75
6,711.848918944597,S015,76
1,719.535387456417,S015,77
3,688.089649472386,S015,78
1,697.087894622236,S015,79
10,723.996183872223,S015,80
2,681.911372635514,S015,81
10,698.813075628132,S015,82
3,694.382833763957,S015,83
2,683.706858400255,S015,84
8,687.50275246799,S015,85
8,658.606902975589,S015,86
1,667.423224970698,S015,87
6,655.22604579106,S015,88
6,713.449588082731,S015,89
8,666.926174387336,S015,90
2,709.951132703573,S015,91
7,668.703427184373,S015,92
6,657.493776082993,S015,93
5,660.588280428201,S015,94
9,724.183580614626,S015,95
4,713.543655332178,S015,96
5,713.830760680139,S015,97
3,715.72502091527,S015,98
3,681.478309165686,S015,99
5,721.721290964633,S015,100
3,661.809769561514,S016,1
1,674.006917318329,S016,2
3,709.775930093601,S016,3
2,656.238713795319,S016,4
8,699.764699796215,S016,5
1,655.013769129291,S016,6
2,667.476310553029,S016,7
1,702.540402999148,S016,8
2,682.681601783261,S016,9
1,666.584972059354,S016,10
10,679.292694823816,S016,11
9,684.963019834831,S016,12
4,722.060986170545,S016,13
10,713.948592236266,S016,14
9,721.674138149247,S016,15
1,720.070727644488,S016,16
4,697.213803818449,S016,17
9,663.688619332388,S016,18
2,674.758732980117,S016,19
3,688.620131174102,S016,20
8,655.588704561815,S016,21
8,721.648148382083,S016,22
8,720.150744942948,S016,23
10,718.020647419617,S016,24
2,682.223688876256,S016,25
5,662.616868587211,S016,26
3,661.522000944242,S016,27
8,657.918184464797,S016,28
6,665.607577832416,S016,29
10,705.329518718645,S016,30
3,707.717346576974,S016,31
2,667.041393173859,S016,32
6,652.190500563011,S016,33
10,682.365189334378,S016,34
5,666.749798459932,S016,35
9,728.413966121152,S016,36
4,713.09750537388,S016,37
5,708.673235969618,S016,38
1,663.80404160358,S016,39
4,721.706127980724,S016,40
1,694.906326523051,S016,41
1,708.388958675787,S016,42
9,721.624971637502,S016,43
10,716.830575922504,S016,44
10,651.290853815153,S016,45
6,714.134090123698,S016,46
9,666.672167992219,S016,47
2,655.915630785748,S016,48
9,655.779361976311,S016,49
7,655.499046547338,S016,50
4,716.080469237641,S016,51
3,675.144933173433,S016,52
9,694.607494203374,S016,53
10,661.612083343789,S016,54
6,723.765677874908,S016,55
7,662.652989448979,S016,56
6,708.492482258007,S016,57
9,697.018667208031,S016,58
4,714.802400702611,S016,59
6,689.900237815455,S016,60
5,692.54046571441,S016,61
5,694.324913332239,S016,62
10,666.884373007342,S016,63
2,660.084733022377,S016,64
4,688.016967820004,S016,65
9,671.163112884387,S016,66
7,671.793784527108,S016,67
1,705.386643363163,S016,68
7,698.771641971543,S016,69
5,710.864883149043,S016,70
5,694.889055928215,S016,71
6,649.24585335888,S016,72
6,724.008641960099,S016,73
7,727.816339088604,S016,74
5,686.39558413066,S016,75
3,707.938321614638,S016,76
1,662.554176496342,S016,77
10,719.690419724211,S016,78
6,716.505700564012,S016,79
3,694.495186256245,S016,80
8,703.507406050339,S016,81
4,675.805396055803,S016,82
3,718.845178866759,S016,83
7,710.306425662711,S016,84
8,651.208639563993,S016,85
8,722.904730597511,S016,86
5,709.631034871563,S016,87
5,658.357241684571,S016,88
7,657.267770702019,S016,89
7,675.465190047398,S016,90
7,683.671785918996,S016,91
4,674.157643327489,S016,92
3,682.953530242667,S016,93
8,710.036083264276,S016,94
7,678.955685896799,S016,95
2,689.224365381524,S016,96
8,711.817695247009,S016,97
6,671.152951968834,S016,98
4,724.58248754032,S016,99
2,706.930206296965,S016,100
9,654.752350752242,S017,1
9,706.696043428965,S017,2
9,646.536079035141,S017,3
5,656.320571792312,S017,4
3,700.314082358964,S017,5
6,713.277924344875,S017,6
10,664.810260091908,S017,7
7,707.67690485809,S017,8
1,696.853082892485,S017,9
9,682.152208783664,S017,10
8,661.309995581396,S017,11
4,703.704160493799,S017,12
2,717.029845514335,S017,13
8,665.008758441545,S017,14
9,648.944971808232,S017,15
5,706.642317255028,S017,16
7,683.921465151943,S017,17
2,712.477886383422,S017,18
7,687.360828486271,S017,19
6,715.190821667202,S017,20
7,690.339958188124,S017,21
4,668.035269328393,S017,22
10,719.772844766267,S017,23
2,647.016543583013,S017,24
10,712.78905196581,S017,25
8,676.038523414172,S017,26
6,698.419653312303,S017,27
10,657.329474599101,S017,28
7,716.78347252775,S017,29
2,673.987663988955,S017,30
5,661.128431023099,S017,31
4,674.383156006224,S017,32
8,676.087144021876,S017,33
9,649.979556524195,S017,34
10,663.252263260074,S017,35
9,648.083549984731,S017,36
4,711.877327323891,S017,37
2,660.96346121747,S017,38
8,683.379105222411,S017,39
4,687.002967731096,S017,40
5,683.930664830841,S017,41
1,648.217375692911,S017,42
1,656.892256983556,S017,43
2,671.992170964368,S017,44
10,690.161632695235,S017,45
10,654.384664823301,S017,46
6,650.397326410748,S017,47
3,693.225203477778,S017,48
5,650.067866747268,S017,49
5,644.523631152697,S017,50
8,648.416852378286,S017,51
3,722.16766518075,S017,52
7,684.756898139603,S017,53
6,710.383541272022,S017,54
9,644.144403734244,S017,55
2,665.201223683544,S017,56
5,723.318251767196,S017,57
7,690.648944680579,S017,58
5,663.510895469226,S017,59
7,655.869239014573,S017,60
2,687.194892638363,S017,61
10,714.737534658052,S017,62
1,683.299089861102,S017,63
4,714.328030222096,S017,64
4,688.274624929763,S017,65
3,655.496373442002,S017,66
3,720.812408016063,S017,67
1,677.9712635139,S017,68
3,720.28081996832,S017,69
6,677.739470829256,S017,70
10,661.041210428812,S017,71
3,720.955987223424,S017,72
8,699.357574437745,S017,73
9,713.492006533779,S017,74
6,665.329668396153,S017,75
8,719.723835703917,S017,76
2,648.762058191933,S017,77
8,677.900531073101,S017,78
1,692.737534330226,S017,79
3,686.371811707504,S017,80
1,716.80664780084,S017,81
3,644.149896712042,S017,82
4,712.078601946123,S017,83
6,651.539632924832,S017,84
3,702.603289172985,S017,85
9,689.838816192932,S017,86
6,667.108355727978,S017,87
4,695.10846790392,S017,88
1,681.704250932671,S017,89
2,676.834681876935,S017,90
4,694.504749686457,S017,91
1,723.39576868806,S017,92
10,717.476948765106,S017,93
6,711.151191913523,S017,94
5,702.47477682773,S017,95
8,721.07056720648,S017,96
7,667.133046430536,S017,97
5,673.310556788929,S017,98
7,656.672273208387,S017,99
1,667.59872615803,S017,100
8,735.638878336176,S018,1
6,712.24551406689,S018,2
2,693.351815538481,S018,3
10,705.544417938218,S018,4
4,715.066409436986,S018,5
5,731.248169327155,S018,6
4,708.353602765128,S018,7
5,662.169625805691,S018,8
4,718.448270810768,S018,9
6,705.574596682563,S018,10
10,686.970992060378,S018,11
2,718.432166548446,S018,12
4,686.487032724544,S018,13
10,702.376943966374,S018,14
3,719.74762824364,S018,15
1,662.71176203154,S018,16
2,713.047343967482,S018,17
9,676.184713011608,S018,18
10,682.405695402995,S018,19
4,667.712551755831,S018,20
1,696.695551099256,S018,21
1,687.683233963326,S018,22
1,685.181914875284,S018,23
8,707.563681202009,S018,24
6,667.09751102142,S018,25
8,718.87240302749,S018,26
10,703.278316548094,S018,27
6,679.104399150237,S018,28
9,694.39158863388,S018,29
9,734.732055002823,S018,30
2,662.005523303524,S018,31
3,681.708257393911,S018,32
1,674.488280070946,S018,33
8,671.456561265513,S018,34
7,718.915530135855,S018,35
8,659.616791633889,S018,36
5,729.918748261407,S018,37
7,697.860060194507,S018,38
7,681.615851251408,S018,39
3,671.613283557817,S018,40
3,719.648482529446,S018,41
5,724.351229621097,S018,42
6,681.995726423338,S018,43
1,709.993577981368,S018,44
6,703.55439552106,S018,45
5,710.695610260591,S018,46
2,671.962625952438,S018,47
3,672.61296116747,S018,48
5,714.002439202741,S018,49
4,673.529917346314,S018,50
10,681.705042878166,S018,51
1,727.106711631641,S018,52
7,671.001379238442,S018,53
5,723.478748416528,S018,54
5,701.150767328218,S018,55
3,679.975211257115,S018,56
6,672.711824895814,S018,57
2,720.962073514238,S018,58
7,667.150361714885,S018,59
5,670.607576882467,S018,60
8,698.552222615108,S018,61
10,667.638032278046,S018,62
2,723.67860252969,S018,63
10,689.224185599014,S018,64
1,708.681006738916,S018,65
1,688.57661777176,S018,66
4,731.931166620925,S018,67
4,681.817370569333,S018,68
4,705.975610380992,S018,69
5,664.186732796952,S018,70
10,675.732962256297,S018,71
9,690.666114883497,S018,72
9,687.763113128021,S018,73
3,678.733249334618,S018,74
2,701.07393453829,S018,75
9,678.261353233829,S018,76
8,738.174950117245,S018,77
7,661.095718247816,S018,78
2,663.493353286758,S018,79
10,702.362996125594,S018,80
6,707.068958552554,S018,81
1,665.330391163006,S018,82
8,703.774296725169,S018,83
9,709.886816544458,S018,84
7,688.643594188616,S018,85
8,686.533539155498,S018,86
6,663.076900904998,S018,87
2,694.927815524861,S018,88
3,698.287323834375,S018,89
9,728.462343225256,S018,90
3,733.801871249452,S018,91
6,698.806624813005,S018,92
7,662.3162421491,S018,93
9,736.609768932685,S018,94
7,663.508058330044,S018,95
4,705.187849989161,S018,96
8,663.246841197833,S018,97
3,667.288963226601,S018,98
7,712.294145124033,S018,99
9,723.314113104716,S018,100
